conexion_id,bytes_enviados,bytes_recibidos,paquetes_por_segundo,conexiones_simultaneas,duracion_conexion_seg,es_ataque
1,5255.67,19101.92,6.64,1.0,54.87,0
2,2877.72,20632.62,10.72,3.78,31.85,0
3,2807.82,13739.25,19.72,2.89,23.69,0
4,4321.15,13670.89,13.85,3.77,37.34,0
5,3778.78,14484.09,15.43,3.91,68.43,0
6,4417.45,14009.45,13.57,2.59,28.54,0
7,3766.62,18605.21,12.88,4.19,39.79,0
8,3995.14,12553.53,13.4,4.2,33.15,0
9,3089.24,20523.08,11.13,4.45,76.44,0
10,3322.92,12332.11,16.68,2.69,27.69,0
11,4141.08,15289.69,9.05,3.47,27.8,0
12,3925.77,16408.25,19.46,2.61,59.56,0
13,3857.78,16473.95,14.83,2.87,44.42,0
14,5072.65,18898.86,8.68,5.52,8.47,0
15,3606.4,16762.33,5.42,2.31,33.75,0
16,4303.51,20136.26,12.85,3.63,49.25,0
17,4326.56,16221.7,10.56,3.19,29.61,0
18,3022.77,10976.58,7.77,3.37,65.67,0
19,4986.79,11927.76,13.45,4.44,45.53,0
20,3394.6,14931.9,10.69,1.49,60.44,0
21,3978.9,17267.16,16.85,2.55,41.74,0
22,4597.19,12535.63,14.42,1.53,60.59,0
23,3867.47,14292.66,10.33,2.36,31.81,0
24,3929.13,16264.75,16.33,1.89,28.06,0
25,3009.0,18614.25,11.41,2.28,42.26,0
26,4895.32,15417.19,9.56,3.0,55.7,0
27,3831.76,11848.57,7.28,2.97,37.82,0
28,5717.4,12703.25,17.54,1.0,50.3,0
29,3542.6,11296.82,7.89,4.09,72.88,0
30,4108.42,15790.67,15.54,5.01,78.9,0
31,3698.59,15748.28,10.36,3.12,69.99,0
32,3162.58,16738.88,11.01,2.95,29.87,0
33,4228.2,18571.84,11.81,1.0,38.33,0
34,1647.8,18718.87,15.51,4.0,17.23,0
35,2566.29,18710.59,16.72,3.03,21.11,0
36,4048.87,16157.19,7.16,2.97,61.57,0
37,3928.74,15581.43,13.94,4.67,66.0,0
38,2241.21,13788.44,13.43,3.92,32.01,0
39,4210.49,10752.41,3.01,3.96,40.04,0
40,4182.82,16046.92,10.54,3.62,45.4,0
41,4390.52,13565.89,18.15,1.99,55.77,0
42,5392.98,17350.17,10.37,1.0,31.94,0
43,3692.84,13197.0,14.02,4.1,27.21,0
44,5000.26,14958.27,15.57,3.02,61.82,0
45,5538.63,17953.94,17.71,2.59,48.45,0
46,6052.5,15316.07,7.35,1.11,55.49,0
47,5371.92,17939.5,11.98,2.24,56.41,0
48,2198.03,19334.19,10.82,3.62,40.58,0
49,16064.71,7279.51,44.1,11.16,27.32,1
50,2168.2,21539.14,10.09,3.86,49.39,0
51,5670.2,19393.69,15.67,4.16,39.56,0
52,3649.51,10684.62,9.65,4.43,42.36,0
53,14326.53,4240.83,63.02,4.82,26.09,1
54,4954.81,16298.64,11.71,2.53,17.98,0
55,4519.02,11268.77,22.81,3.71,18.18,0
56,4796.13,9800.54,12.41,1.86,51.33,0
57,6043.8,21359.85,22.39,2.87,44.69,0
58,4091.9,16234.13,15.05,2.59,45.29,0
59,3666.8,18433.85,14.38,1.97,67.47,0
60,4642.68,22013.85,10.15,1.79,65.82,0
61,3670.23,12991.31,14.25,3.15,25.46,0
62,3908.14,10674.53,14.72,1.68,49.7,0
63,4532.78,19422.96,16.5,1.0,33.25,0
64,20062.51,6913.47,62.7,7.53,21.57,1
65,3812.33,12441.51,10.82,1.8,41.7,0
66,3320.04,16586.34,13.38,3.64,35.08,0
67,3298.62,10569.19,10.44,1.77,37.44,0
68,3665.79,12334.79,12.37,4.24,47.93,0
69,3688.44,19434.55,8.36,3.61,29.4,0
70,3582.59,16109.4,14.81,1.72,57.03,0
71,4382.82,10979.97,4.85,3.73,21.54,0
72,4108.9,11494.4,12.83,4.1,60.77,0
73,5331.23,5950.53,17.14,2.46,42.85,0
74,3682.87,7464.92,5.97,3.93,45.36,0
75,3841.23,20147.57,10.2,1.33,42.61,0
76,3066.51,14106.9,14.47,2.63,33.92,0
77,5017.55,13740.44,8.77,3.57,42.99,0
78,3332.75,16733.72,14.02,1.68,35.75,0
79,4280.8,12758.51,10.3,2.01,24.47,0
80,4524.97,15354.32,12.67,2.14,43.53,0
81,3950.37,15025.88,12.91,3.71,59.27,0
82,2689.03,18139.26,14.21,2.93,31.7,0
83,2751.6,14995.38,14.73,4.43,39.53,0
84,3546.25,16005.44,12.69,1.26,40.98,0
85,4135.89,20942.8,12.05,3.01,31.39,0
86,3100.86,14390.54,6.11,1.33,57.17,0
87,5691.11,8635.48,8.25,3.12,60.76,0
88,3514.61,15262.55,18.0,3.73,58.5,0
89,3400.94,11963.66,16.74,2.93,19.39,0
90,4662.91,13778.73,10.9,3.38,71.78,0
91,4007.16,11205.16,3.17,5.49,48.31,0
92,4598.89,13028.82,12.47,1.64,44.84,0
93,1734.92,18598.02,9.45,4.76,25.63,0
94,4600.52,11301.95,12.45,4.32,34.86,0
95,4773.44,16301.37,19.32,2.9,32.52,0
96,2480.62,16684.53,12.62,2.87,50.42,0
97,21368.72,4779.18,49.5,8.41,33.94,1
98,3934.26,18684.61,9.43,2.66,72.48,0
99,3773.19,17697.69,9.12,3.48,56.41,0
100,24399.63,14759.92,34.25,6.32,19.94,1
101,3680.68,12614.77,15.1,3.14,21.39,0
102,4988.73,13455.97,7.37,2.98,20.3,0
103,4184.2,11807.55,13.74,2.84,45.71,0
104,2629.82,13931.6,11.82,3.15,66.63,0
105,3655.42,24901.15,11.29,3.23,52.44,0
106,3951.88,15996.12,7.47,5.37,69.86,0
107,3749.87,15815.63,9.05,1.45,47.6,0
108,2931.52,16990.72,8.44,1.51,45.26,0
109,4669.6,17507.47,10.25,4.25,39.35,0
110,5081.64,17429.18,14.75,1.29,54.4,0
111,3195.5,12229.48,14.01,2.15,41.35,0
112,3972.19,13200.18,3.9,4.76,57.34,0
113,14882.57,7037.77,20.77,15.27,16.64,1
114,3078.03,9947.4,13.73,2.36,53.26,0
115,3736.05,19047.79,6.9,1.59,60.23,0
116,5131.36,16280.74,13.34,1.0,64.52,0
117,2628.0,12971.77,13.22,4.52,23.23,0
118,4439.23,16890.85,18.86,2.12,65.79,0
119,3936.22,12604.39,15.98,2.64,55.87,0
120,3993.38,18189.41,9.24,1.3,45.74,0
121,3663.76,19478.72,16.49,2.42,59.8,0
122,4926.26,8759.21,14.19,1.0,35.64,0
123,4632.22,11126.17,15.44,2.88,25.15,0
124,4409.31,21225.22,15.82,3.51,46.76,0
125,5002.0,14933.62,18.21,3.46,42.27,0
126,3899.72,11141.1,17.4,2.17,64.22,0
127,4164.37,13917.29,16.24,3.77,21.56,0
128,3441.57,11810.33,14.79,2.15,42.85,0
129,4109.76,11760.02,13.14,2.0,26.85,0
130,5336.0,10970.15,9.19,2.48,75.27,0
131,3915.59,17637.63,12.02,1.9,42.77,0
132,3973.34,14651.82,9.36,4.7,37.94,0
133,3767.7,15298.09,13.13,1.93,59.75,0
134,3009.33,14461.94,11.22,3.82,48.72,0
135,3963.84,14230.85,17.34,2.49,56.93,0
136,3583.02,13880.93,13.37,4.15,78.1,0
137,5731.78,20331.61,6.43,1.0,45.46,0
138,3919.46,18109.59,11.29,2.7,32.47,0
139,2583.37,18879.37,12.64,4.72,45.62,0
140,13059.16,8531.86,42.5,1.0,27.39,1
141,4352.86,9527.63,11.12,4.21,47.84,0
142,5683.79,17509.9,9.06,3.41,51.89,0
143,3374.99,20535.43,9.96,2.53,55.32,0
144,3506.12,20756.01,11.72,2.95,47.08,0
145,3786.45,10736.04,14.31,4.35,34.4,0
146,3814.66,6581.23,18.68,2.64,32.82,0
147,3568.6,15049.54,10.12,2.34,26.91,0
148,5442.43,14556.33,9.13,3.56,55.28,0
149,3331.05,8975.64,11.89,3.09,65.54,0
150,4267.63,16188.09,15.11,4.0,54.99,0
151,4869.33,16246.32,9.72,3.52,44.7,0
152,5072.87,13019.53,9.61,4.12,55.26,0
153,3169.33,15468.57,19.08,4.72,37.15,0
154,3119.19,15699.62,10.98,3.89,59.01,0
155,10437.34,10696.5,3.62,8.05,32.56,1
156,3064.97,5268.97,10.98,3.39,47.3,0
157,3683.85,16155.19,12.89,3.88,32.05,0
158,2428.51,23082.12,12.24,3.06,45.07,0
159,3304.87,20546.56,13.35,3.07,40.7,0
160,4255.04,14680.43,12.43,5.15,62.07,0
161,3721.54,15003.19,16.49,1.0,23.37,0
162,3029.87,12494.94,18.66,4.13,61.94,0
163,3319.51,10739.99,14.18,4.29,49.59,0
164,4519.34,9967.69,8.05,2.17,39.61,0
165,3350.64,11648.29,7.65,3.81,41.54,0
166,4525.73,14761.41,10.0,5.06,35.36,0
167,3523.76,21037.55,7.62,3.68,43.19,0
168,4143.97,9700.62,12.5,3.09,49.42,0
169,4615.86,17740.76,14.04,2.48,19.1,0
170,3020.77,13584.71,9.0,3.52,31.42,0
171,5124.23,14271.8,6.46,4.88,23.39,0
172,4320.46,13143.04,9.16,2.89,48.25,0
173,3395.89,15560.72,14.37,3.52,49.63,0
174,4267.07,21324.77,12.71,2.51,15.5,0
175,3998.17,21003.44,14.6,4.4,39.7,0
176,4194.78,10199.04,10.84,1.85,46.26,0
177,3422.68,12496.04,9.84,3.37,62.24,0
178,5131.31,13961.9,12.96,2.94,55.87,0
179,5298.48,17721.54,12.24,3.06,28.9,0
180,2220.36,18557.57,10.68,3.93,44.43,0
181,3571.94,13405.16,14.41,1.0,25.33,0
182,24525.41,4161.71,28.16,12.38,0.72,1
183,3134.82,15357.77,6.58,4.97,15.22,0
184,3466.29,12889.05,10.39,2.61,39.23,0
185,3972.72,14857.19,12.97,3.77,42.49,0
186,4681.12,16349.19,14.89,2.96,60.63,0
187,4672.27,15591.53,9.76,1.8,31.22,0
188,4789.44,14628.15,7.29,1.0,33.83,0
189,4963.85,19424.45,9.92,2.56,21.3,0
190,3310.32,24293.53,7.18,1.66,43.89,0
191,4312.01,12794.89,15.23,2.27,58.38,0
192,3839.57,15695.37,21.11,3.59,55.85,0
193,4557.23,22202.35,12.14,3.74,56.37,0
194,4300.98,13302.83,16.05,2.89,26.05,0
195,4761.95,22139.62,7.24,2.49,23.06,0
196,2460.99,16353.92,1.0,2.91,30.72,0
197,4538.22,7332.26,6.23,2.85,51.15,0
198,4934.63,15795.76,15.75,1.83,38.68,0
199,11909.3,8288.14,47.06,5.58,16.69,1
200,4349.16,19678.35,10.51,3.02,26.93,0
201,2524.49,12918.66,14.41,1.0,33.52,0
202,3614.78,15416.34,7.82,2.01,15.02,0
203,5488.65,12630.53,11.95,4.42,49.47,0
204,4885.38,17478.36,15.87,2.14,55.86,0
205,4635.22,11774.84,6.55,1.94,26.33,0
206,3458.58,19311.45,17.81,2.99,54.38,0
207,4293.6,10701.92,9.38,3.23,56.3,0
208,4675.43,17875.81,14.71,3.71,29.07,0
209,2706.94,13145.14,7.0,2.59,53.38,0
210,3407.18,13618.5,18.76,2.94,17.03,0
211,4815.62,7924.57,18.44,1.95,40.09,0
212,3548.31,16574.34,8.7,4.36,55.03,0
213,5069.28,19172.71,15.92,6.15,37.92,0
214,4794.59,14618.5,11.06,4.02,41.18,0
215,3969.59,17159.78,9.77,2.4,38.66,0
216,4013.85,10859.12,1.61,2.64,29.68,0
217,2109.6,18528.31,12.2,1.0,36.66,0
218,2520.87,13262.55,10.88,3.45,40.24,0
219,3893.25,11808.6,17.8,3.11,30.15,0
220,4479.14,12681.49,8.88,5.52,24.45,0
221,16794.25,7853.06,42.45,8.66,11.4,1
222,3949.49,10405.74,16.1,1.94,24.13,0
223,4285.02,15224.7,11.45,3.8,59.33,0
224,3748.32,10216.11,7.39,4.16,23.92,0
225,3795.45,10377.04,15.26,3.49,45.16,0
226,3881.14,13855.51,13.85,2.07,52.51,0
227,3517.47,14379.41,6.45,4.28,38.61,0
228,3738.35,17120.6,10.75,1.8,23.16,0
229,5000.9,22024.99,11.94,4.74,65.15,0
230,4191.3,15663.22,12.86,2.81,39.8,0
231,3850.01,17242.55,17.13,1.67,35.18,0
232,4528.91,20713.81,13.18,3.53,36.53,0
233,4625.77,14503.95,14.38,2.35,57.54,0
234,3872.59,16620.62,15.51,3.45,70.48,0
235,3061.03,11826.65,9.12,1.1,15.25,0
236,4901.54,11551.11,17.86,1.9,55.47,0
237,3827.89,16068.35,10.88,4.88,44.56,0
238,4042.41,9679.39,17.61,2.78,22.74,0
239,3912.8,16194.6,14.45,2.28,45.58,0
240,2620.0,16701.46,6.55,1.88,53.69,0
241,4718.59,15384.16,16.38,1.0,51.17,0
242,4453.17,24457.98,15.33,4.71,57.77,0
243,14826.25,6537.26,39.3,4.63,13.63,1
244,4242.85,17826.61,7.85,2.65,58.46,0
245,3514.63,16114.79,11.63,4.19,71.97,0
246,5018.59,14555.29,13.14,2.41,54.45,0
247,3861.32,16766.54,20.0,3.08,52.45,0
248,5058.86,23193.63,14.77,2.7,80.11,0
249,4068.53,8670.33,12.02,2.92,64.88,0
250,3887.92,17337.69,16.65,1.77,43.03,0
251,3345.47,13603.5,6.19,4.74,24.89,0
252,3588.6,17842.54,9.44,2.48,36.76,0
253,4193.94,15625.07,9.18,3.75,31.51,0
254,4277.57,10929.82,8.23,2.12,47.85,0
255,3856.12,17607.18,14.4,2.1,43.59,0
256,3830.1,7853.95,12.39,3.17,76.57,0
257,3888.01,15672.36,16.42,2.69,57.87,0
258,2920.64,9987.98,13.0,5.45,25.14,0
259,3746.84,12465.35,7.03,1.09,28.01,0
260,3231.04,15576.8,8.93,3.2,38.13,0
261,2859.3,14146.83,18.19,3.3,41.8,0
262,3743.13,15907.66,16.33,2.57,53.01,0
263,4627.23,15489.89,9.66,1.9,66.49,0
264,4602.01,13294.38,11.37,1.93,57.96,0
265,3086.49,15767.19,6.83,2.16,27.37,0
266,3825.3,10485.76,9.25,3.17,37.4,0
267,3953.93,14826.44,18.92,3.21,40.47,0
268,4686.03,15954.35,6.87,2.98,58.76,0
269,2415.08,14860.46,12.11,3.4,79.18,0
270,4281.31,17634.44,10.23,1.83,22.59,0
271,4607.91,16439.97,5.72,1.33,40.51,0
272,3726.69,23541.62,15.91,1.52,27.87,0
273,4056.9,14251.2,9.42,3.59,52.05,0
274,24936.45,7295.74,32.82,6.63,17.27,1
275,5021.17,12500.71,11.98,1.09,38.8,0
276,4808.89,15435.26,10.0,3.3,45.34,0
277,4071.68,7869.03,14.19,4.09,50.66,0
278,4234.08,12381.81,7.56,2.31,35.05,0
279,2829.79,11867.96,19.09,2.81,32.2,0
280,9095.08,3672.4,37.21,6.41,10.54,1
281,3924.35,13294.22,12.27,1.67,23.77,0
282,3940.35,12979.01,14.75,2.49,46.01,0
283,3478.63,21146.84,15.15,1.59,55.08,0
284,4308.23,13303.18,15.24,3.76,44.92,0
285,3061.42,19766.73,8.02,3.5,38.65,0
286,3923.66,16075.28,16.12,4.55,61.08,0
287,3946.7,15978.96,13.54,3.48,32.95,0
288,4936.33,23222.28,16.08,2.78,56.27,0
289,2342.44,18704.37,7.63,5.54,29.66,0
290,2731.87,14262.67,12.77,1.36,28.33,0
291,5398.62,12835.4,10.01,2.67,59.53,0
292,4860.11,10551.39,8.62,2.31,32.98,0
293,3702.83,10032.45,14.98,4.3,36.51,0
294,5145.33,18139.26,9.73,1.9,32.35,0
295,4724.87,19137.76,6.37,2.76,45.66,0
296,3231.28,16082.26,8.73,4.75,58.59,0
297,3455.94,12687.02,7.32,2.77,27.7,0
298,5112.58,19026.56,7.32,3.37,21.79,0
299,2598.09,15584.83,12.26,1.46,38.64,0
300,2450.31,17467.12,8.72,2.01,52.65,0
301,4082.9,10360.65,12.46,2.03,32.94,0
302,4344.34,14573.74,12.16,1.0,40.24,0
303,3522.9,19568.45,9.51,4.19,50.1,0
304,2206.82,14847.03,11.72,1.0,49.73,0
305,6014.73,18088.57,12.56,3.81,13.89,0
306,5428.78,10935.04,9.63,2.94,47.11,0
307,5151.7,15904.71,13.55,3.55,53.49,0
308,4414.83,14641.7,9.93,1.57,59.78,0
309,3230.16,20438.92,10.34,1.88,61.86,0
310,4949.77,12563.05,9.35,3.65,55.15,0
311,5070.19,14700.35,4.41,2.97,72.33,0
312,28221.85,200.0,16.82,15.16,21.22,1
313,6031.96,12514.32,16.52,1.67,34.33,0
314,4218.73,13717.14,17.35,3.61,35.84,0
315,3674.46,17119.54,11.79,3.09,63.34,0
316,4542.89,15790.58,6.06,4.22,41.53,0
317,4368.88,16424.47,13.42,3.02,62.65,0
318,3638.5,16857.36,12.8,3.43,67.09,0
319,3317.46,14420.39,11.36,2.98,47.2,0
320,2966.71,21456.07,8.71,2.18,15.24,0
321,4225.01,13505.0,8.98,2.6,48.74,0
322,4219.54,13777.03,13.51,2.73,49.14,0
323,4347.85,14023.57,10.24,1.56,52.65,0
324,3225.54,13082.92,19.17,3.06,27.86,0
325,2695.12,14718.86,10.94,4.1,31.99,0
326,3737.9,16220.16,10.64,5.03,37.05,0
327,3906.48,13616.33,8.69,4.83,51.79,0
328,4869.8,13283.31,9.93,3.11,55.89,0
329,3172.55,16298.51,10.64,3.29,48.31,0
330,4854.58,18663.54,21.96,3.82,30.2,0
331,3645.71,13781.13,9.31,2.09,55.45,0
332,2839.43,11530.11,7.21,1.71,60.88,0
333,4117.86,17743.65,9.37,2.83,40.28,0
334,4414.41,17602.47,3.7,4.31,74.92,0
335,5200.2,15793.31,12.36,2.27,66.0,0
336,4105.19,12071.25,9.56,4.21,37.78,0
337,6081.54,13889.7,3.97,4.3,67.03,0
338,4194.13,19148.91,22.28,2.15,62.49,0
339,4582.21,17912.02,5.53,1.0,39.76,0
340,5549.77,11759.89,4.38,1.98,49.58,0
341,2295.57,11344.08,3.59,2.26,47.47,0
342,3105.75,18510.83,16.74,3.25,21.6,0
343,3050.96,14252.36,11.92,4.06,60.67,0
344,3717.76,12034.07,8.23,1.71,42.39,0
345,3257.23,13843.02,1.65,3.73,34.16,0
346,5090.11,15969.98,10.71,3.14,49.41,0
347,5089.41,17059.8,9.0,1.0,35.66,0
348,4738.52,11700.19,13.21,5.28,35.0,0
349,5021.54,13724.39,8.99,1.1,45.64,0
350,2243.33,11421.04,9.66,3.91,49.22,0
351,5090.75,12079.51,19.25,1.66,52.8,0
352,3298.14,10654.19,11.55,3.1,29.79,0
353,5530.66,17402.75,12.5,4.28,65.81,0
354,3938.01,17273.68,16.18,4.18,41.99,0
355,3698.61,15086.04,8.93,5.34,30.12,0
356,4225.36,16193.63,12.61,3.28,24.18,0
357,2130.78,10036.43,13.52,3.46,26.17,0
358,3559.78,14369.46,15.31,2.23,42.55,0
359,3753.28,7091.76,4.28,4.4,52.31,0
360,3202.02,17887.68,17.73,1.86,29.0,0
361,3417.44,17192.96,8.51,1.8,41.77,0
362,4061.57,19936.13,14.14,3.25,48.1,0
363,3428.54,11738.53,16.68,1.0,59.95,0
364,3278.03,19220.92,10.89,4.3,12.02,0
365,5363.48,13695.31,18.29,2.97,23.85,0
366,3616.65,19936.11,9.53,4.59,41.33,0
367,5161.51,15988.18,12.38,1.0,64.53,0
368,3823.42,15681.47,9.84,5.19,32.83,0
369,4529.96,11493.61,5.4,2.06,53.12,0
370,4099.42,15214.1,18.99,2.32,58.18,0
371,2485.52,19358.06,7.63,3.79,69.98,0
372,3965.19,11825.14,15.47,5.35,34.12,0
373,4147.46,12496.68,1.0,2.0,56.95,0
374,2748.61,9808.5,11.1,1.45,32.37,0
375,4573.35,17657.48,20.4,4.06,38.91,0
376,5314.37,20055.05,13.52,4.14,57.84,0
377,3659.7,14201.72,8.5,2.66,43.78,0
378,5761.7,14379.62,11.83,1.6,48.04,0
379,4448.84,20065.91,13.58,2.55,40.96,0
380,3663.7,12329.66,11.14,2.54,43.94,0
381,3543.61,15487.95,13.15,4.2,59.38,0
382,5360.65,14672.78,7.8,4.91,65.86,0
383,4795.95,12682.04,10.65,1.0,38.41,0
384,5675.08,20972.27,10.79,1.89,62.01,0
385,4444.54,12923.12,16.63,4.62,60.51,0
386,4799.11,14928.27,12.02,3.03,46.87,0
387,4011.99,15207.12,14.17,1.74,29.53,0
388,4034.68,12007.11,14.25,2.74,24.82,0
389,3253.77,22617.12,12.44,2.74,20.82,0
390,4186.04,8373.49,5.73,2.89,48.93,0
391,5267.69,16059.04,13.37,1.5,14.32,0
392,2903.96,19814.59,7.47,4.06,35.88,0
393,3294.28,17020.43,14.14,2.16,34.96,0
394,3947.39,12520.04,16.8,3.42,23.26,0
395,2947.68,18949.11,12.87,5.07,41.79,0
396,4168.51,11424.0,11.06,2.05,41.5,0
397,4196.97,18980.54,7.35,3.18,54.65,0
398,12218.59,5619.14,43.3,16.16,25.3,1
399,4463.07,14241.29,11.32,1.0,50.78,0
400,2290.84,17632.33,11.04,4.21,55.01,0
401,3573.35,18194.14,12.29,2.52,28.42,0
402,2773.92,17789.1,8.86,4.77,35.5,0
403,3650.07,20982.09,15.31,1.66,42.55,0
404,6314.5,10863.01,19.53,1.67,56.32,0
405,4263.04,15901.94,10.19,3.31,29.67,0
406,3873.36,12125.27,12.3,1.63,37.12,0
407,2746.49,11883.09,9.82,3.39,32.62,0
408,4807.57,8977.59,14.82,3.06,25.62,0
409,3581.94,17372.49,16.66,2.05,27.47,0
410,4614.62,11616.03,3.63,2.77,45.88,0
411,5380.11,13220.3,16.01,2.08,32.56,0
412,2838.2,17624.37,2.52,1.64,34.18,0
413,3511.4,10792.44,16.17,3.3,21.55,0
414,6279.08,16424.84,15.22,1.22,49.46,0
415,5043.32,15617.76,16.51,2.51,57.86,0
416,4082.36,19116.94,12.07,1.37,19.87,0
417,5052.52,14599.55,19.67,3.42,43.99,0
418,4080.38,15463.8,10.62,5.19,56.26,0
419,4357.32,18386.27,12.29,2.58,52.81,0
420,5247.26,19649.84,12.72,3.41,36.88,0
421,4114.54,14790.66,11.34,3.56,39.27,0
422,3023.86,17268.91,16.78,4.78,45.19,0
423,4768.09,12271.0,15.42,1.93,66.61,0
424,3733.86,18349.4,15.6,2.79,19.12,0
425,3198.47,17218.28,11.54,3.41,72.54,0
426,5294.67,17279.92,6.98,1.44,61.0,0
427,4455.11,18234.01,8.12,5.97,71.1,0
428,3986.61,13275.31,15.7,1.59,52.86,0
429,3190.07,10971.03,12.56,2.97,52.48,0
430,4331.09,7526.96,16.19,1.41,64.37,0
431,3125.46,18138.72,10.96,4.56,55.41,0
432,4046.76,20091.63,13.68,2.84,19.47,0
433,3590.8,11380.82,10.33,1.18,46.21,0
434,4067.06,8879.9,12.6,3.63,32.1,0
435,3588.15,15062.86,11.38,1.62,49.23,0
436,3955.92,17112.21,15.9,2.9,76.03,0
437,23893.76,5095.01,35.21,15.44,30.74,1
438,4456.02,17525.83,10.29,3.4,48.45,0
439,4824.25,12714.57,14.44,3.85,59.26,0
440,3730.07,15119.27,11.44,3.09,42.71,0
441,2462.0,18588.55,10.9,4.01,54.55,0
442,2518.39,13568.32,15.35,5.86,14.76,0
443,3377.13,11987.02,14.9,3.07,51.45,0
444,2228.08,9896.48,8.94,4.04,55.11,0
445,4185.93,9333.33,15.99,2.13,55.63,0
446,3531.95,12528.9,8.03,2.97,53.66,0
447,3955.43,10791.38,10.17,2.87,57.14,0
448,3120.57,19231.15,10.42,5.88,69.97,0
449,5608.43,18933.83,22.72,2.16,40.66,0
450,4133.41,12329.55,9.11,3.46,33.75,0
451,2622.88,16255.81,6.88,4.64,34.73,0
452,3030.81,13401.97,3.87,4.11,43.82,0
453,4406.37,13167.88,13.63,1.0,55.3,0
454,3713.67,18234.83,18.23,2.85,19.12,0
455,3227.84,7512.18,8.19,3.03,47.52,0
456,3037.12,22112.85,9.48,3.07,59.56,0
457,4233.86,18979.1,19.42,5.75,29.51,0
458,4243.89,17406.5,13.74,3.52,38.53,0
459,3604.74,11717.2,7.1,2.75,31.88,0
460,5412.2,16489.89,8.78,3.36,52.25,0
461,3515.18,13598.57,10.01,4.13,59.72,0
462,2963.63,9277.02,9.66,1.76,72.17,0
463,4060.8,18128.97,16.26,5.11,81.02,0
464,3963.83,14406.32,10.96,3.84,33.14,0
465,3949.53,16164.13,5.76,2.63,44.69,0
466,2878.07,15110.16,8.27,1.37,35.74,0
467,4908.7,19924.56,7.79,3.93,61.01,0
468,4956.39,9758.65,15.83,3.38,35.13,0
469,3548.95,14043.57,11.77,2.39,47.29,0
470,4065.58,20871.32,5.94,3.39,6.09,0
471,3045.88,10529.74,13.03,3.64,64.17,0
472,3820.31,21304.42,5.22,4.37,50.97,0
473,5095.25,10201.5,9.93,1.49,47.57,0
474,3801.07,19893.18,18.22,3.31,30.96,0
475,3981.0,21074.9,6.64,2.62,50.96,0
476,4074.9,12635.44,14.77,3.78,45.28,0
477,3517.58,22667.67,13.61,2.76,39.25,0
478,3608.31,7277.28,6.24,4.87,38.79,0
479,3815.22,10055.61,9.95,2.94,1.0,0
480,4303.17,18861.74,15.91,3.86,46.95,0
481,2480.2,7341.51,11.8,3.03,53.19,0
482,3949.52,8515.97,11.47,4.61,30.99,0
483,4695.62,11201.98,8.15,2.36,62.56,0
484,5209.01,24146.62,10.69,3.0,27.69,0
485,4334.4,15259.63,14.25,4.1,35.95,0
486,4244.14,14437.09,17.68,2.75,47.83,0
487,4233.39,14798.36,10.8,4.39,40.47,0
488,4630.47,13644.97,13.82,1.28,16.42,0
489,3832.57,17275.79,10.35,1.0,31.96,0
490,3662.26,19692.53,11.5,3.64,45.06,0
491,5303.51,12994.64,5.64,4.02,25.39,0
492,3604.72,9921.82,12.47,2.87,66.26,0
493,4228.01,11478.71,11.48,3.93,13.7,0
494,2377.81,11519.28,5.53,3.62,62.81,0
495,4485.61,14410.26,8.81,4.14,32.23,0
496,5371.99,20570.57,5.61,1.53,60.58,0
497,4074.47,12095.17,13.85,3.21,55.85,0
498,4325.97,15175.5,10.1,2.85,26.41,0
499,5434.63,5706.93,16.42,4.1,28.01,0
500,2637.11,18568.87,14.18,1.23,73.3,0
501,4497.31,19243.67,13.88,2.71,34.25,0
502,3184.36,16690.65,8.22,2.52,20.58,0
503,4317.33,19007.61,18.85,2.34,58.89,0
504,4387.58,25458.87,13.99,3.62,51.84,0
505,4724.92,7513.74,13.63,2.78,29.86,0
506,3957.44,11859.37,15.62,3.49,49.01,0
507,4995.12,17125.47,10.28,2.72,23.02,0
508,5530.4,11108.43,11.11,4.69,40.91,0
509,3502.65,11891.98,12.17,3.4,42.67,0
510,3474.76,13662.35,12.18,4.04,58.67,0
511,3842.09,15523.66,15.51,3.21,53.16,0
512,2691.38,7046.17,14.07,3.98,51.25,0
513,4287.18,14885.8,12.39,3.14,12.86,0
514,4440.86,11805.31,12.4,4.16,72.55,0
515,3273.37,14493.62,10.17,1.8,64.15,0
516,3119.33,13527.62,15.66,2.72,64.32,0
517,4848.29,20256.84,10.61,4.24,77.69,0
518,4098.58,16261.14,6.2,2.7,58.98,0
519,4104.72,15637.91,8.3,2.86,36.18,0
520,4522.6,21950.58,7.66,3.35,48.04,0
521,4128.9,15524.21,13.5,4.57,40.63,0
522,2812.74,21305.69,10.51,3.19,54.57,0
523,3802.74,15723.65,14.97,2.44,62.99,0
524,2946.5,13284.55,11.28,4.44,45.52,0
525,4587.78,18096.62,5.88,1.0,36.77,0
526,2101.02,14982.62,13.87,1.44,83.53,0
527,3557.07,16130.34,9.96,3.26,55.88,0
528,2616.85,15773.71,7.96,1.59,45.06,0
529,4037.54,15638.57,14.59,3.58,39.06,0
530,5206.19,11889.24,11.41,2.21,37.63,0
531,4826.45,14170.71,15.8,2.38,34.65,0
532,3306.46,10872.53,11.14,4.53,28.9,0
533,4545.65,8958.89,7.2,2.28,105.92,0
534,4612.46,12021.33,1.0,3.87,65.02,0
535,3428.5,14816.79,13.33,4.08,71.65,0
536,3570.02,16370.58,7.16,3.37,37.48,0
537,4614.21,13861.07,14.64,5.33,8.41,0
538,3585.83,14337.49,8.43,3.07,58.85,0
539,1921.43,10953.26,20.75,3.4,38.05,0
540,3002.57,18696.22,11.09,5.49,54.48,0
541,5039.11,21130.9,5.5,3.92,71.49,0
542,3940.13,20568.09,9.31,4.16,48.67,0
543,5189.64,15304.13,6.32,4.74,52.47,0
544,2850.05,18646.35,16.21,5.44,58.39,0
545,3978.27,18026.28,15.76,3.33,69.46,0
546,2830.26,10953.32,9.3,3.12,63.86,0
547,3939.82,12898.61,17.67,1.97,36.44,0
548,3924.43,18091.62,9.7,4.5,16.24,0
549,4946.91,9575.89,6.58,1.66,24.05,0
550,3093.12,11267.91,9.3,3.69,40.73,0
551,3129.68,18448.84,11.73,4.84,42.14,0
552,4195.24,10422.75,13.1,2.27,25.66,0
553,4072.95,14133.48,14.5,1.31,42.82,0
554,5470.7,18255.25,9.92,1.3,42.29,0
555,3600.78,12124.8,12.0,5.42,44.73,0
556,4233.37,14712.59,18.07,2.13,55.92,0
557,4587.72,12387.62,10.54,4.98,45.54,0
558,3871.39,15014.42,8.94,3.01,59.01,0
559,4965.0,11809.32,14.35,3.29,39.96,0
560,3390.0,22848.58,8.61,1.0,38.53,0
561,4874.86,14999.42,10.98,2.98,34.84,0
562,4173.47,12498.95,6.49,3.87,47.61,0
563,5820.03,22543.17,6.84,2.37,50.62,0
564,4001.11,14727.45,14.12,3.2,41.98,0
565,4714.88,16174.93,18.64,2.53,23.7,0
566,4352.89,17177.76,21.41,3.64,17.94,0
567,4189.36,13907.78,11.32,2.98,51.58,0
568,4342.9,10315.45,11.52,3.56,44.19,0
569,4613.92,22657.94,10.76,4.49,57.13,0
570,5266.54,12264.26,16.16,4.62,52.37,0
571,4031.76,15950.07,17.83,1.0,45.81,0
572,3375.04,14554.35,7.0,1.36,30.81,0
573,3677.14,13240.7,13.43,3.74,67.03,0
574,4034.22,15383.9,5.79,5.78,71.22,0
575,3458.65,16988.31,15.47,1.65,56.35,0
576,4769.18,15975.98,12.7,3.81,58.18,0
577,3618.11,17678.24,10.11,2.88,67.45,0
578,2348.1,17612.73,21.93,4.23,59.17,0
579,4210.51,16774.45,13.53,2.55,50.23,0
580,17731.71,9446.71,51.39,9.31,12.79,1
581,2865.22,13401.26,14.84,3.42,55.16,0
582,4060.33,14696.04,9.04,4.39,43.12,0
583,4043.2,13819.18,7.9,2.42,50.2,0
584,3138.41,19939.65,11.08,4.19,41.08,0
585,5297.54,13105.82,19.49,2.84,45.64,0
586,4032.19,17095.34,8.67,4.23,76.33,0
587,4178.63,9081.16,13.17,1.97,68.39,0
588,5428.21,17792.6,7.9,1.65,23.23,0
589,2644.35,8292.89,11.53,3.01,37.19,0
590,3735.08,24469.27,15.73,5.13,52.47,0
591,3784.04,11099.55,6.67,2.61,35.05,0
592,5573.17,14622.7,11.25,3.07,29.4,0
593,3822.94,18874.46,9.33,4.45,12.19,0
594,3900.01,19184.76,8.66,3.45,58.6,0
595,3244.15,14738.78,17.51,1.8,56.44,0
596,4825.16,17766.59,4.37,6.01,45.03,0
597,2482.49,11552.44,8.79,3.74,20.6,0
598,4708.25,11920.05,18.12,4.29,54.79,0
599,3973.67,18580.59,5.78,4.03,41.49,0
600,3989.63,18515.46,11.24,2.42,63.37,0
601,3865.05,16455.95,9.77,4.59,27.73,0
602,3431.15,7970.18,12.31,2.24,38.76,0
603,5185.02,11626.53,7.95,2.2,20.44,0
604,3003.76,9042.52,7.75,2.82,60.63,0
605,3391.9,10199.28,8.53,4.27,13.45,0
606,4193.01,20009.01,15.13,2.91,36.41,0
607,2873.43,21363.27,14.45,1.73,43.37,0
608,4867.9,12532.32,11.48,5.21,32.56,0
609,4057.4,15173.11,14.6,2.11,34.78,0
610,5813.96,14299.89,11.69,2.21,47.56,0
611,3586.84,14925.78,7.74,3.04,60.94,0
612,5371.18,10170.25,4.98,2.64,31.25,0
613,3956.35,16618.55,5.66,2.0,41.07,0
614,2944.71,17287.71,9.26,3.16,58.07,0
615,5660.98,20037.22,11.17,2.25,20.23,0
616,3964.6,12492.97,9.94,3.12,32.41,0
617,2964.18,16427.94,16.75,2.18,45.54,0
618,3795.48,17033.15,15.0,3.13,67.72,0
619,3822.44,11943.31,16.99,2.68,38.11,0
620,4339.49,15412.92,13.71,3.5,44.78,0
621,3940.78,14256.2,6.63,1.34,32.23,0
622,4467.92,14056.52,15.21,2.41,53.04,0
623,4487.7,9257.51,11.0,4.14,59.41,0
624,4262.51,16241.41,15.97,3.6,42.66,0
625,4781.11,20461.39,9.2,2.11,52.46,0
626,4473.96,19197.33,13.09,2.6,48.99,0
627,4681.06,9881.38,5.07,2.2,49.35,0
628,3185.09,11825.67,10.95,1.88,44.49,0
629,1970.49,12594.6,12.46,2.62,49.62,0
630,2981.73,17774.05,12.02,3.67,37.88,0
631,4026.87,16060.94,14.99,4.51,37.82,0
632,3109.63,19864.19,9.25,4.06,39.21,0
633,2856.05,16098.72,10.89,3.65,60.22,0
634,4597.88,15480.57,15.24,2.51,34.7,0
635,19212.95,3329.21,68.02,8.65,24.99,1
636,6020.28,19052.5,12.4,3.1,40.11,0
637,4658.12,11825.27,6.59,4.07,42.79,0
638,3832.82,13732.27,7.83,4.37,23.32,0
639,3179.5,11984.58,11.27,3.23,50.03,0
640,3407.75,14490.11,13.98,2.71,54.25,0
641,4731.63,18716.94,14.46,2.46,48.65,0
642,4500.12,24885.52,8.76,3.74,39.85,0
643,4694.55,15767.39,9.68,5.0,61.81,0
644,2084.29,12619.13,9.05,3.79,42.44,0
645,2907.96,16452.94,6.34,3.05,29.17,0
646,4138.59,16083.61,9.43,3.75,40.92,0
647,3970.73,18356.99,15.25,2.45,27.88,0
648,3122.36,13606.46,10.54,3.61,47.86,0
649,3478.55,19844.6,20.41,4.5,50.94,0
650,4984.46,14541.63,7.59,3.73,55.02,0
651,3996.01,21261.06,4.44,2.46,54.44,0
652,3121.11,12653.97,13.84,2.63,56.1,0
653,2520.58,14786.23,14.23,2.27,55.97,0
654,2983.45,13453.46,14.33,2.73,24.21,0
655,3589.94,11445.98,8.05,4.32,34.53,0
656,3835.35,17603.06,11.61,1.0,61.53,0
657,4662.37,6861.22,13.29,3.98,41.06,0
658,4668.88,12092.62,12.64,3.54,50.82,0
659,5757.03,9435.56,11.31,2.45,47.1,0
660,2916.28,12789.53,16.06,2.65,50.03,0
661,4976.28,12621.41,11.0,3.59,32.13,0
662,3201.37,12143.52,13.93,3.38,35.86,0
663,2969.34,20662.0,10.15,3.04,53.96,0
664,4099.13,11769.67,12.36,4.27,63.12,0
665,4568.09,17571.2,19.05,3.28,52.58,0
666,3912.44,8059.79,10.49,3.33,66.83,0
667,3514.2,15470.26,7.75,1.33,21.16,0
668,3251.45,12387.75,7.84,4.08,80.1,0
669,3198.95,15968.49,6.32,6.78,19.45,0
670,4319.53,16574.83,11.75,1.35,31.81,0
671,4192.44,22347.64,1.17,3.0,28.39,0
672,2790.21,18667.49,13.15,2.39,54.45,0
673,4003.16,19541.69,11.25,2.88,37.15,0
674,4601.54,13691.65,17.29,3.72,60.99,0
675,5049.51,12584.19,13.69,1.73,43.49,0
676,3860.52,12367.66,10.43,4.36,44.11,0
677,4147.65,18042.37,8.99,4.12,32.17,0
678,3987.37,18465.09,6.34,3.66,53.69,0
679,2478.57,15347.98,13.5,4.35,16.82,0
680,3980.67,14886.69,6.34,3.54,42.41,0
681,4509.35,13414.63,17.9,1.01,29.82,0
682,3273.84,13287.99,10.64,3.76,48.12,0
683,3711.77,17980.38,13.35,3.73,49.38,0
684,4444.57,18774.47,9.02,2.26,41.71,0
685,4810.02,20179.58,17.91,2.39,62.31,0
686,2777.18,11672.09,3.38,3.61,50.79,0
687,2288.9,14673.49,15.94,3.69,20.26,0
688,3789.63,13681.71,14.86,3.06,47.81,0
689,3468.07,15772.66,14.07,1.57,61.05,0
690,3965.35,6957.66,7.92,3.37,29.56,0
691,5851.69,15509.54,13.3,1.26,37.47,0
692,3582.77,17331.02,13.33,2.96,36.67,0
693,3725.87,9042.96,17.19,2.28,43.49,0
694,4276.59,16391.95,9.08,2.8,44.58,0
695,4786.29,13118.24,12.28,2.59,45.74,0
696,3785.21,17349.88,4.52,4.11,24.26,0
697,3347.91,16295.0,11.12,1.0,33.98,0
698,3757.27,16460.94,12.62,2.45,17.36,0
699,3542.84,11294.48,5.73,2.81,58.59,0
700,3863.7,14784.88,10.34,1.34,14.64,0
701,3162.31,12994.24,6.66,2.9,38.01,0
702,3460.13,17308.46,12.07,3.92,56.99,0
703,2563.93,13466.75,20.48,3.64,35.54,0
704,3453.14,14878.44,13.76,3.52,44.78,0
705,3840.89,10283.86,9.8,3.33,49.11,0
706,5212.94,20531.42,7.31,2.44,37.53,0
707,3130.01,10914.24,17.22,1.75,36.24,0
708,4635.61,18090.18,12.14,2.25,25.0,0
709,4568.49,16036.94,9.57,4.67,65.05,0
710,32491.3,5273.09,39.74,10.5,10.98,1
711,3391.17,13989.27,13.82,5.49,55.92,0
712,3774.82,14069.42,12.94,1.0,56.33,0
713,1720.73,13497.58,3.44,3.47,36.79,0
714,4707.86,14194.86,1.0,3.2,58.47,0
715,3222.21,14506.5,6.64,1.18,16.43,0
716,3415.98,22978.5,18.47,3.11,35.76,0
717,20372.22,8506.6,48.02,12.5,26.78,1
718,3353.54,10107.07,11.6,4.41,24.16,0
719,4249.43,14077.84,14.23,3.26,25.63,0
720,6283.24,18440.56,23.32,2.99,36.89,0
721,3901.46,18614.17,14.89,2.67,58.28,0
722,3766.49,8976.28,8.46,2.5,48.48,0
723,5030.7,11593.21,6.48,1.3,59.41,0
724,2791.43,14130.29,12.13,1.0,26.63,0
725,3668.28,12227.39,16.4,3.72,55.74,0
726,3438.45,11663.46,8.95,1.32,26.88,0
727,23493.01,6069.43,25.9,8.2,38.35,1
728,3919.29,13928.77,7.56,2.47,47.59,0
729,4940.73,19695.81,16.0,2.69,38.51,0
730,4344.98,16964.08,7.32,4.61,72.75,0
731,3924.6,14638.65,21.13,2.66,29.18,0
732,3800.44,18082.19,12.96,3.17,51.94,0
733,4844.33,11578.09,9.11,2.5,32.68,0
734,15561.27,8243.21,36.72,1.0,34.74,1
735,3858.32,7853.44,15.96,3.52,38.45,0
736,2640.68,12257.66,24.59,1.0,36.68,0
737,4796.58,11912.93,9.23,3.53,33.42,0
738,4738.34,14249.25,11.79,1.0,48.39,0
739,25924.85,8294.91,22.92,1.0,8.6,1
740,3564.08,11987.82,20.06,5.75,55.28,0
741,3671.4,17613.87,13.82,1.84,44.46,0
742,4050.23,16897.31,11.13,2.28,56.02,0
743,3284.82,14138.75,14.61,2.57,50.56,0
744,4082.52,12580.64,14.08,2.02,51.28,0
745,3051.32,12487.55,18.35,3.17,36.81,0
746,4321.2,9514.47,11.35,2.15,27.67,0
747,3436.53,14367.37,10.81,3.05,50.4,0
748,3876.71,18598.99,19.49,3.86,32.01,0
749,3060.44,20564.54,14.64,1.0,38.1,0
750,2641.5,12508.85,15.27,2.49,79.22,0
751,5201.98,19538.01,14.97,6.83,46.68,0
752,3415.04,14842.95,14.08,3.46,41.92,0
753,3331.81,14397.85,13.67,4.96,52.37,0
754,6237.72,13484.99,15.95,3.28,36.18,0
755,3424.67,15433.4,8.08,4.44,39.53,0
756,3334.62,14149.65,7.2,3.49,79.08,0
757,3295.32,15733.0,11.01,3.41,55.59,0
758,3988.84,13689.78,13.87,5.6,53.02,0
759,3176.39,13162.49,15.2,2.17,49.09,0
760,3286.03,11870.57,8.26,2.31,52.12,0
761,4082.77,15971.46,14.68,1.28,27.78,0
762,3941.52,17950.24,16.15,2.23,26.02,0
763,13332.75,8764.3,42.47,14.41,28.77,1
764,3816.76,12781.52,19.55,3.58,48.79,0
765,3548.56,20440.92,17.79,5.03,50.15,0
766,3459.15,17874.9,8.75,2.82,38.31,0
767,3530.49,13463.73,13.03,3.28,31.27,0
768,3364.12,14155.98,2.96,3.05,55.54,0
769,3557.01,16308.66,7.84,3.09,34.65,0
770,2759.28,12379.55,19.66,3.57,54.46,0
771,2132.25,10717.63,11.77,2.56,43.33,0
772,3216.84,14783.8,8.87,3.23,55.99,0
773,3956.64,14424.44,12.69,2.88,38.58,0
774,3384.18,9641.83,13.0,4.99,39.04,0
775,3026.67,17804.89,14.96,5.58,35.32,0
776,2833.2,20562.09,4.36,2.29,12.49,0
777,4973.22,15654.63,16.09,1.26,46.97,0
778,3153.37,19411.31,10.64,1.82,41.37,0
779,3419.29,12292.25,18.26,3.83,22.16,0
780,2699.07,12403.39,11.29,3.67,52.87,0
781,5799.11,12067.19,15.2,3.55,39.9,0
782,3411.72,16475.04,11.21,2.95,29.98,0
783,4735.2,13817.69,16.59,2.6,44.8,0
784,5376.07,22098.12,11.53,2.17,76.69,0
785,4268.87,18595.56,18.06,1.39,30.51,0
786,4498.05,17705.45,12.51,4.24,50.94,0
787,3876.14,13659.06,11.07,2.73,39.04,0
788,4460.0,17314.86,15.81,3.02,51.85,0
789,4382.48,17483.83,10.08,3.24,37.89,0
790,4186.79,13076.48,7.97,1.71,80.08,0
791,4525.04,7193.15,9.38,2.06,53.69,0
792,4727.57,14796.34,17.75,2.55,54.98,0
793,2897.45,13998.28,7.59,3.87,67.36,0
794,2432.81,12724.24,18.25,2.93,43.44,0
795,26248.68,5309.02,41.52,6.01,15.03,1
796,4710.88,14645.2,7.52,2.63,32.67,0
797,3856.66,13981.31,13.52,3.09,17.86,0
798,2607.57,7236.57,13.92,1.0,41.8,0
799,4303.59,18997.46,11.75,3.21,29.54,0
800,4020.33,16974.82,14.5,2.2,52.53,0
801,3956.44,13422.76,15.53,3.12,38.87,0
802,3500.28,13419.97,8.75,1.26,9.72,0
803,4099.21,20183.09,10.6,1.81,26.37,0
804,4414.19,17962.36,8.01,4.44,30.45,0
805,3419.84,19651.71,11.62,1.0,6.9,0
806,2657.05,13401.36,18.69,2.04,28.27,0
807,4098.63,16464.51,7.79,1.0,36.97,0
808,4175.87,10217.16,13.09,3.12,50.23,0
809,4640.8,16017.22,22.44,2.96,28.24,0
810,2909.81,7441.62,9.39,1.77,60.21,0
811,4573.94,8939.49,12.66,2.24,39.41,0
812,3705.51,13772.58,17.24,3.34,8.3,0
813,5322.42,15366.78,7.21,3.27,71.59,0
814,3128.02,10117.77,8.41,4.52,47.01,0
815,2019.63,9759.26,5.25,4.91,65.65,0
816,2909.08,11698.41,14.17,2.98,44.39,0
817,3121.29,11338.54,13.48,1.87,72.23,0
818,2997.34,13583.45,9.57,1.25,48.31,0
819,4341.49,10021.84,12.18,3.15,62.89,0
820,4365.88,18978.23,10.47,2.83,56.55,0
821,3396.87,19166.6,19.96,2.42,28.25,0
822,3817.41,15613.41,7.67,2.79,14.81,0
823,4305.78,13709.24,8.85,4.2,68.57,0
824,4356.16,11185.17,20.13,3.38,43.76,0
825,3125.75,12153.52,8.92,4.31,54.11,0
826,3165.54,15038.7,15.27,3.43,72.7,0
827,4690.43,13586.21,8.84,3.44,52.15,0
828,3097.66,14595.05,13.97,2.48,39.65,0
829,2495.78,6170.57,9.62,1.74,47.25,0
830,3975.63,14758.68,16.31,3.46,46.96,0
831,4567.07,15183.57,15.05,3.21,49.96,0
832,4488.88,15074.16,10.81,3.41,73.49,0
833,3059.56,13142.4,8.04,1.0,20.18,0
834,2623.57,21757.54,12.32,1.72,55.32,0
835,5800.37,14232.44,11.64,3.44,23.3,0
836,3107.52,18355.37,13.97,2.94,63.47,0
837,3146.84,14308.93,7.82,2.76,52.0,0
838,5822.64,8904.7,7.48,4.19,63.21,0
839,2598.28,24277.82,8.89,1.21,31.32,0
840,4598.3,14136.67,16.54,3.16,45.16,0
841,3031.82,15279.13,16.74,3.8,60.73,0
842,3881.12,18465.68,10.29,3.53,16.91,0
843,4184.86,14616.08,13.55,1.11,37.88,0
844,3533.65,13820.86,12.97,2.94,53.73,0
845,2798.76,11388.41,12.67,1.0,29.67,0
846,4443.86,7073.81,10.58,3.2,11.03,0
847,4094.87,14906.52,13.48,4.18,69.56,0
848,3717.73,16199.04,8.42,3.11,44.34,0
849,5781.86,17064.94,15.83,3.58,50.17,0
850,2756.23,16530.59,16.27,2.59,49.16,0
851,4837.95,14817.02,15.52,2.06,34.59,0
852,4705.9,9622.48,17.99,3.01,13.84,0
853,3757.59,11555.3,17.91,2.15,43.99,0
854,4101.98,12110.85,12.12,2.17,53.44,0
855,4064.3,10318.44,6.46,1.85,48.98,0
856,3602.97,12855.56,12.94,1.0,46.53,0
857,3725.97,19105.48,20.45,3.75,54.8,0
858,4829.25,15159.76,17.15,4.21,49.39,0
859,1462.39,15779.44,14.83,1.0,42.22,0
860,3692.58,13555.02,14.04,2.69,57.74,0
861,3572.1,12020.9,16.23,1.79,58.03,0
862,4409.61,13649.33,7.54,2.39,62.76,0
863,4932.67,13176.83,7.72,4.06,31.45,0
864,2175.47,9869.34,12.9,4.02,34.76,0
865,3389.14,10487.2,4.42,2.22,39.9,0
866,3872.79,17295.76,7.56,4.55,35.46,0
867,5886.6,13962.97,12.61,3.67,51.53,0
868,4926.04,11377.8,13.56,1.49,58.96,0
869,4391.83,13273.66,9.89,5.09,49.73,0
870,4500.28,22847.17,7.71,3.25,26.83,0
871,4586.34,13829.87,7.27,4.84,50.29,0
872,3654.67,11055.02,6.18,3.13,45.92,0
873,4701.09,23781.48,12.08,2.83,53.04,0
874,3899.47,16526.36,8.7,1.55,32.72,0
875,3075.8,15321.79,15.01,5.63,42.44,0
876,4039.95,8428.01,13.95,3.86,51.39,0
877,2501.86,19142.35,11.89,3.49,29.43,0
878,4484.1,16324.76,10.41,1.0,52.97,0
879,4637.31,18049.75,15.0,5.07,40.59,0
880,4389.5,10029.57,10.97,3.16,43.89,0
881,4862.62,23268.52,5.38,3.26,29.76,0
882,3851.83,16595.58,12.89,1.74,53.98,0
883,4034.56,17239.9,6.45,2.65,17.19,0
884,4093.95,11270.87,8.18,4.32,39.27,0
885,3273.22,21219.25,14.52,2.66,51.09,0
886,4880.96,17632.61,12.16,3.52,52.27,0
887,3001.85,16150.28,17.81,2.9,58.54,0
888,4340.81,18243.48,12.6,3.88,13.9,0
889,3821.65,10626.15,10.78,2.69,10.54,0
890,3367.9,15439.54,10.38,2.63,69.99,0
891,4271.78,16467.71,11.36,1.06,27.24,0
892,3973.36,15865.61,12.47,1.13,54.21,0
893,2403.43,21635.88,15.17,2.55,26.8,0
894,2700.52,10390.71,8.88,2.04,57.74,0
895,5134.06,14032.12,13.07,3.06,50.3,0
896,4443.71,9395.02,9.78,3.93,60.99,0
897,3615.61,14585.33,14.85,1.82,40.26,0
898,4545.5,11488.05,9.63,4.17,39.14,0
899,3171.87,10155.62,12.52,3.59,49.69,0
900,4107.42,12458.8,17.49,1.23,48.0,0
901,4786.26,14123.46,14.85,3.85,22.18,0
902,4629.24,15931.0,16.1,2.82,56.19,0
903,5208.88,13723.72,21.66,3.17,76.9,0
904,3788.42,13804.98,8.88,4.55,83.53,0
905,3660.63,17001.49,13.57,5.08,44.22,0
906,3891.31,11118.47,13.19,2.85,29.03,0
907,3239.05,16056.28,12.44,2.2,41.99,0
908,2986.19,19319.69,16.61,4.2,37.27,0
909,6151.09,5309.27,50.71,6.4,20.75,1
910,3628.27,18927.45,17.13,2.42,32.78,0
911,3448.78,19303.74,9.87,2.35,40.76,0
912,3899.69,11741.35,6.06,2.13,70.21,0
913,3995.0,11028.09,6.37,2.69,26.34,0
914,2202.03,12756.68,9.35,2.78,64.01,0
915,3272.05,22073.11,9.27,4.42,30.42,0
916,22650.06,8626.14,1.13,12.97,16.84,1
917,5680.06,14649.95,18.67,3.43,51.94,0
918,2839.42,17007.47,16.87,4.13,50.43,0
919,4133.36,18558.45,11.65,5.55,50.24,0
920,2637.86,15794.41,4.4,2.63,39.37,0
921,2972.57,13208.07,8.84,4.67,59.87,0
922,21430.07,11277.36,60.64,1.0,24.33,1
923,3972.06,20127.52,1.73,3.23,43.32,0
924,3731.1,15100.01,7.33,4.73,17.64,0
925,3430.7,14767.18,14.56,2.99,48.13,0
926,3944.74,19108.05,4.53,2.09,67.81,0
927,3937.37,6676.74,13.52,3.6,37.45,0
928,3694.12,11087.83,7.41,3.56,43.57,0
929,3705.98,13922.68,20.38,5.59,37.99,0
930,200.0,5916.22,59.84,7.19,31.52,1
931,3788.14,20308.7,10.5,3.78,52.31,0
932,3321.38,15411.15,10.91,3.13,47.6,0
933,4095.15,12355.18,12.18,4.84,39.28,0
934,5782.45,15576.57,8.0,1.92,65.24,0
935,3947.21,12001.57,15.74,1.9,48.11,0
936,3944.79,6398.19,13.67,3.25,37.73,0
937,3906.98,14978.5,14.1,3.43,46.53,0
938,3813.56,17422.94,10.04,2.71,57.05,0
939,2472.08,13283.54,16.26,2.55,47.07,0
940,3152.12,15771.78,10.43,2.07,37.73,0
941,3830.31,14781.08,16.88,1.0,46.65,0
942,4573.16,15215.18,12.98,1.31,57.94,0
943,4157.8,12748.72,10.4,2.49,37.75,0
944,4604.2,19132.56,16.87,1.97,39.84,0
945,4141.86,12634.03,15.5,4.23,45.13,0
946,3971.31,14812.34,12.76,4.36,51.1,0
947,3478.96,10864.12,7.01,1.34,26.73,0
948,3583.15,21092.99,14.87,1.08,45.84,0
949,4703.3,11758.28,13.4,3.83,65.43,0
950,4044.72,20247.75,9.17,4.12,27.55,0
951,4198.16,12802.34,9.14,1.58,50.67,0
952,3753.48,13072.45,18.23,4.32,38.25,0
953,5252.01,16637.86,19.88,2.36,29.74,0
954,5341.28,14031.96,19.61,6.08,40.12,0
955,4212.03,14488.06,15.78,2.83,50.37,0
956,2374.28,16018.48,11.04,2.53,48.27,0
957,4775.55,16762.88,13.11,1.34,41.72,0
958,3646.72,16783.79,14.58,1.74,46.34,0
959,2364.92,15831.87,15.87,3.07,66.87,0
960,3492.79,14424.94,6.18,3.17,32.27,0
961,2997.61,8550.25,12.3,3.83,67.39,0
962,3069.69,14205.2,14.12,2.46,60.3,0
963,3491.06,16070.8,5.21,2.39,77.08,0
964,3728.32,11684.76,12.61,5.31,55.12,0
965,3495.79,17656.91,9.08,2.55,49.01,0
966,4496.49,13737.73,13.99,2.43,24.36,0
967,4172.29,17050.06,19.85,4.18,52.92,0
968,4444.76,14795.76,13.14,2.25,53.73,0
969,5222.94,14210.99,14.85,3.02,37.93,0
970,5348.47,18185.79,10.83,3.79,48.32,0
971,2652.01,12648.3,4.81,2.24,60.75,0
972,4054.13,14199.6,8.19,2.07,38.43,0
973,1073.71,10810.12,12.25,4.59,72.45,0
974,3422.94,10951.94,9.38,3.08,24.83,0
975,4620.46,18085.19,7.53,2.7,41.34,0
976,2990.37,17283.21,5.3,2.88,26.52,0
977,4365.69,12862.28,12.61,1.0,26.6,0
978,3694.77,13815.58,12.96,3.44,45.4,0
979,3783.02,14684.16,11.14,3.11,36.94,0
980,3255.44,7290.31,18.47,3.08,25.07,0
981,2808.82,17041.69,8.86,3.42,47.92,0
982,4661.43,18707.05,8.34,2.25,33.61,0
983,4666.18,18271.5,17.59,5.07,52.95,0
984,2913.79,11777.89,7.27,4.15,41.74,0
985,4497.11,22093.71,17.01,3.64,42.72,0
986,2247.99,10678.99,8.94,4.86,23.4,0
987,2782.09,17178.43,15.0,4.82,65.38,0
988,3782.63,11161.26,9.63,2.24,80.08,0
989,4060.41,20213.73,9.78,4.72,46.92,0
990,2440.18,16871.49,16.35,2.73,41.3,0
991,4020.0,15336.43,16.65,5.29,62.9,0
992,4863.64,12353.78,5.23,3.96,35.9,0
993,1515.62,19384.07,9.63,3.49,9.23,0
994,2079.5,10315.03,12.04,3.66,65.94,0
995,4755.75,12171.45,14.44,3.27,50.76,0
996,3666.24,10496.61,21.4,1.0,36.0,0
997,3120.47,10614.03,13.03,2.54,60.89,0
998,3445.17,17510.06,9.65,1.88,23.0,0
999,4748.07,16877.54,14.58,3.72,14.52,0
1000,2905.51,23584.59,13.89,2.91,53.89,0
